0	0.0	0.335726864827	0.45863000689	0.424644452502	0.181315365137	0.483112114004	0.233354255893	0.496331580554	0.451456388872	0.126295931083	0.49430282276	0.493065771377	0.444571863542	0.413102527897	0.414819612088	0.517107085939	0.442482011691	0.525823237526	0.33155091398	0.160627551948	0.126295931083	0.160627551948	0.314158278964	0.462522321012	0.416496952555	0.475667068206	0.459278835959	0.423344411204	0.448448439821	0.412987673897	0.181315365137	0.126295931083	0.47662002141	0.303556945579	0.442617909531	0.476101177257	0.45466440519	0.459247450307	0.472467059035	0.510873170858	0.126295931083	0.160627551948	0.52499573602	0.439223581818	0.504489751272	0.463172585559	0.440120901522	0.560954372988	0.466330266783	0.482175640374	0.462520755148	0.458036583775	0.181315365137	0.481854250584	0.448000823341	0.471769635189	0.469860857385	0.505113549764	0.588518924582	0.516999163327	0.473123253812	0.443462158674	0.574481383432	0.514448136297	0.497935406349	0.518681653205	
1	0.335726864827	0.0	0.292635330064	0.387445176756	0.315749810502	0.44604636252	0.333802779138	0.322005498075	0.275171827107	0.129852242289	0.335511176271	0.29314220027	0.295269538077	0.402667632032	0.332460352526	0.344838094641	0.267690129947	0.340284790623	0.393747678987	0.341898564197	0.129852242289	0.341898564197	0.418000177112	0.305067664378	0.398429906401	0.299249210916	0.317419686155	0.394550305728	0.25890436779	0.260077153007	0.315749810502	0.129852242289	0.390509889534	0.24587501717	0.25718462568	0.460156119138	0.348343301188	0.345886385178	0.37431723487	0.320204083831	0.129852242289	0.341898564197	0.293536639779	0.358306582265	0.342763265798	0.296438932886	0.375951979732	0.432505143953	0.250478143594	0.262679287948	0.358370350828	0.319233976949	0.315749810502	0.315829351689	0.319781058306	0.286707665441	0.339244954514	0.366690090866	0.460283830199	0.347978977728	0.340078923329	0.309481955298	0.488582473214	0.272202331271	0.351925773428	0.393118907316	
2	0.459983076762	0.292635330064	0.0	0.393632557041	0.192399584028	0.397226406658	0.241597237568	0.34002857434	0.389203143645	0.141602624833	0.36396157625	0.337355856911	0.380907228831	0.403260881606	0.448368367971	0.435444486794	0.362662449335	0.372071753893	0.348910920405	0.172382326637	0.141602624833	0.172382326637	0.331853122482	0.437272658139	0.421714329267	0.409779571957	0.389798915403	0.462560459868	0.358959423623	0.410580323945	0.192399584028	0.141602624833	0.445829741336	0.293202590411	0.430847020748	0.511107970946	0.357651502875	0.463979277572	0.380020939918	0.436659963816	0.141602624833	0.172382326637	0.387659858766	0.407660620594	0.452417746496	0.355855949767	0.397883763679	0.509589904259	0.376351778297	0.355248819684	0.349369710241	0.423972709371	0.192399584028	0.373949854214	0.294909157106	0.328659077324	0.450554717614	0.389212120597	0.49216234738	0.41516567794	0.341195202765	0.416813096923	0.520202983635	0.372168945921	0.431687556151	0.438250767174	
3	0.405595276397	0.383829983428	0.36604985221	0.0	0.232652860828	0.459007607257	0.303202740275	0.32810511499	0.311330050393	0.129852242289	0.327218685753	0.321056847205	0.297504277224	0.391883932507	0.275718914181	0.343213512068	0.261923420588	0.372945610093	0.42809979393	0.232652860828	0.129852242289	0.232652860828	0.421519208445	0.273387644708	0.354666963001	0.278063432404	0.428607993174	0.445988181163	0.258204218566	0.232995960168	0.232652860828	0.129852242289	0.445126048293	0.361020110119	0.382747899891	0.466058450421	0.348378283482	0.396890710362	0.375035401293	0.332037361357	0.129852242289	0.232652860828	0.287640607729	0.312565240817	0.349352491754	0.363155291837	0.369884648363	0.425922213634	0.321589240529	0.306476971694	0.361858055931	0.290639492657	0.232652860828	0.384292106345	0.399322580645	0.306221174359	0.375622005453	0.358169469228	0.458648736964	0.336873939972	0.38785627432	0.301703418871	0.490177512327	0.277353150327	0.357942984325	0.379257843219	
4	0.181315365137	0.315749810502	0.192399584028	0.290286726791	0.0	0.283525787056	0.346503173523	0.329116351521	0.32117361249	0.0	0.234306157345	0.310838820485	0.188114782917	0.279815226366	0.199675067314	0.336900020919	0.179953199516	0.379092622735	0.351460744441	0.3875	0.0	0.3875	0.300487088182	0.23842550337	0.290286726791	0.253115152043	0.295693981116	0.230293254629	0.251783991244	0.1998951517	0.0	0.0	0.300203037489	0.351460744441	0.202472889332	0.315465557103	0.346927243142	0.244385529566	0.364471051414	0.271942325545	0.0	0.3875	0.274185730945	0.334499161094	0.28442924268	0.182939564831	0.276573584577	0.364453530002	0.277867171244	0.270324593112	0.332333622405	0.27435628988	0.0	0.241391289806	0.188537777598	0.31734716058	0.21343140502	0.363018895422	0.459848121535	0.341602348741	0.201789591094	0.285211640271	0.477020389236	0.305605821499	0.279915936515	0.362877236305	
5	0.480384921685	0.416587283181	0.398014068803	0.399518241216	0.283525787056	0.0	0.296993753683	0.273757454502	0.462027611466	0.21125663084	0.321003215948	0.35335971448	0.489121150931	0.46651938354	0.469438439449	0.383224971116	0.34343398976	0.406871328642	0.410692251237	0.273373057725	0.21125663084	0.273373057725	0.393923965005	0.399147054701	0.417547484401	0.416334857872	0.491694380628	0.472778990816	0.37266876372	0.382936643919	0.283525787056	0.21125663084	0.481906056675	0.400993845215	0.50916522243	0.554045886076	0.371984880588	0.492833010652	0.374513457736	0.435122283652	0.21125663084	0.273373057725	0.389958529137	0.447912888301	0.539357692799	0.46184068701	0.441021445122	0.516994872898	0.475074732402	0.385503543525	0.295806891674	0.370312516115	0.283525787056	0.445020189105	0.433543784474	0.362156172666	0.501899743026	0.390922763659	0.500056752043	0.388963228361	0.442911201417	0.426713117478	0.514721859332	0.413146497063	0.485682989355	0.436219944117	
6	0.233198699169	0.310438999624	0.268288840492	0.289639122969	0.346503173523	0.284313693597	0.0	0.327118648084	0.248285729958	0.102564102564	0.264476649296	0.331615477891	0.263335765007	0.224407195883	0.279912228909	0.321421970152	0.214856121052	0.388629706177	0.326952846805	0.346503173523	0.102564102564	0.346503173523	0.328568308617	0.256854459349	0.289639122969	0.274119609697	0.302468384021	0.35121841847	0.271183543444	0.224241335251	0.346503173523	0.102564102564	0.322625609073	0.310472088564	0.261450648636	0.300037228873	0.355576226248	0.278402449949	0.367296431222	0.295693298237	0.102564102564	0.346503173523	0.293173801305	0.30256698329	0.304470492272	0.238387993267	0.243378089937	0.379039101762	0.327553541724	0.284256067855	0.361924829216	0.278443124285	0.346503173523	0.283891587779	0.270253496831	0.318762249191	0.254520193378	0.36877767036	0.466319306974	0.35027649251	0.273848136736	0.289575308607	0.486354075853	0.313277134438	0.30131217844	0.382058541346	
7	0.47296845037	0.339394820849	0.335517696717	0.328603783101	0.324715034709	0.274976410466	0.347754415309	0.0	0.320961704988	0.318230133474	0.411257280249	0.387871229955	0.392213097978	0.3190815145	0.331168183965	0.344018567206	0.325591875388	0.403595929434	0.377864279091	0.326174499722	0.318230133474	0.326174499722	0.385825592717	0.44612500287	0.324633707893	0.447938474335	0.415000030955	0.423496278472	0.355528247289	0.513198667859	0.324715034709	0.318230133474	0.480597472008	0.356005059804	0.412381674514	0.431921209571	0.441889531714	0.405674882778	0.355522602636	0.450504622648	0.318230133474	0.326174499722	0.457262454739	0.354160780438	0.374582183248	0.332349776236	0.323868708416	0.432735116633	0.354551124384	0.418297699835	0.366338391795	0.350942819758	0.324715034709	0.42690170468	0.363403519226	0.470665925182	0.44550199495	0.440747613516	0.501112354127	0.454822201059	0.386648306	0.469027666984	0.44667030168	0.454292865135	0.460712902641	0.516324019398	
8	0.446121380798	0.255012056618	0.383557752823	0.338064724114	0.301472500503	0.461613859918	0.356954788226	0.308353376481	0.0	0.174926914446	0.345523747867	0.317147420338	0.315892537234	0.415327245456	0.379030461485	0.329616347775	0.3051579644	0.32270004504	0.431663100514	0.222966244384	0.174926914446	0.222966244384	0.410620019688	0.363282602423	0.39581234223	0.363864170483	0.395178938275	0.47049382252	0.29934117734	0.319578783	0.301472500503	0.174926914446	0.446778972957	0.343803934666	0.403139166036	0.526012413384	0.326140462402	0.410376010669	0.352563983583	0.308976431961	0.174926914446	0.222966244384	0.290768666452	0.344260834831	0.415602403494	0.391824122029	0.363152167854	0.458913437217	0.263569337702	0.298180573849	0.342555049933	0.303690102407	0.301472500503	0.394457257722	0.382000382471	0.276003218815	0.397252354785	0.37851171891	0.447388428771	0.322387995755	0.399732838086	0.35184360451	0.488375057552	0.242758155528	0.378085910653	0.406103206086	
9	0.126295931083	0.129852242289	0.141602624833	0.129852242289	0.0	0.21125663084	0.102564102564	0.318230133474	0.174926914446	0.5	0.220387527375	0.291370412442	0.142747429515	0.128604505867	0.135477261076	0.326006145281	0.159949023982	0.361280747375	0.128677543104	0.0	0.5	0.0	0.126012791557	0.191487596597	0.129852242289	0.228854596394	0.186173685707	0.203694392402	0.243524952141	0.183086155931	0.0	0.5	0.281364291823	0.128677543104	0.160134806871	0.243291041701	0.33739360783	0.128141128872	0.359447987979	0.253829453885	0.5	0.0	0.260004139104	0.169756628081	0.244959003919	0.132996463944	0.130169264756	0.350079900968	0.205161108728	0.253461781378	0.324792852503	0.258709191284	0.0	0.215934844894	0.127674060041	0.303019070266	0.161919880944	0.350811246068	0.446111336896	0.323886934287	0.140839835543	0.272338665693	0.468777943836	0.289764970815	0.257324536186	0.350697425387	
10	0.493073388417	0.35829239538	0.399160444842	0.413164216764	0.244702958169	0.335400667181	0.262771138665	0.4518270874	0.422035721302	0.220387527375	0.0	0.416335570829	0.457266921361	0.401474413395	0.473198869695	0.509700470285	0.473685118481	0.503138240736	0.326750396133	0.238140552081	0.220387527375	0.238140552081	0.316015998344	0.506496509452	0.396555982202	0.514098211588	0.482958260441	0.424541440871	0.499185722781	0.462311524959	0.244702958169	0.220387527375	0.511989720237	0.316901646241	0.503911755376	0.536477107328	0.442537840071	0.465033008567	0.485121779489	0.489164575398	0.220387527375	0.238140552081	0.450057927224	0.420133914924	0.523972846673	0.465378884697	0.427593913429	0.557235411427	0.404477487721	0.437250711189	0.39660071395	0.439289850968	0.244702958169	0.459404321632	0.371919793065	0.521139962228	0.501575041471	0.468042754411	0.53943924833	0.512731902966	0.473874493506	0.546637691263	0.572013442747	0.47620715718	0.515343974384	0.511038860998	
11	0.483520454627	0.311189871774	0.337355856911	0.32033157546	0.310838820485	0.336489837115	0.330052668036	0.406130540452	0.33545284766	0.291370412442	0.408657060725	0.0	0.398303182167	0.299930374424	0.416780655705	0.468679746148	0.421744626628	0.391690631087	0.373225270433	0.306753558553	0.291370412442	0.306753558553	0.365219158572	0.526192974855	0.354720788652	0.511036342068	0.415357224642	0.439112522808	0.475384169265	0.51053903235	0.310838820485	0.291370412442	0.443511523059	0.34532979147	0.452560029381	0.435753263519	0.413739338797	0.446082423161	0.447581724006	0.439378920909	0.291370412442	0.306753558553	0.433434478195	0.35206770528	0.415733323893	0.380251516749	0.360117457892	0.515426734176	0.342244484511	0.376908819291	0.367183450651	0.388828795099	0.310838820485	0.4042756036	0.343566695348	0.439319297137	0.486998086396	0.440005120301	0.480656771872	0.453379546901	0.434710297904	0.534249802031	0.515950210947	0.469571832368	0.462832720687	0.490403357638	
12	0.448238502034	0.289059217962	0.386329777423	0.297428926993	0.193015264185	0.48766294955	0.302188828008	0.35120251881	0.303066003929	0.142747429515	0.430195192559	0.400271615903	0.0	0.400165325359	0.391167533603	0.346914962147	0.413661674732	0.393142357131	0.284679144809	0.17298616685	0.142747429515	0.17298616685	0.271547365505	0.430949650392	0.324847631561	0.418279216186	0.408414629862	0.467062463101	0.326256301179	0.376782937307	0.193015264185	0.142747429515	0.521023144016	0.279895279537	0.439736969804	0.504277021701	0.376244863117	0.440950477734	0.378909880028	0.389453726165	0.142747429515	0.17298616685	0.384990700136	0.299901675991	0.429875544016	0.396569811439	0.362557352053	0.478884094472	0.371166366041	0.402619909307	0.375567177353	0.370649769207	0.193015264185	0.447642807867	0.385761147334	0.354430959501	0.409284306086	0.425626771434	0.507075805788	0.3845770145	0.424825230078	0.39627785219	0.516319605607	0.386239044584	0.429122919663	0.443693179665	
13	0.373546722418	0.409010646721	0.367628661512	0.409007597195	0.279815226366	0.428539514024	0.347832021844	0.3190815145	0.395500770798	0.128604505867	0.346878756336	0.301384037528	0.363685993288	0.0	0.35643269498	0.340742482123	0.293495457353	0.33434886607	0.429092336315	0.222018832806	0.128604505867	0.222018832806	0.412357269434	0.340985920794	0.433158004611	0.317823488684	0.431580575636	0.377628095501	0.321980176878	0.306075343927	0.279815226366	0.128604505867	0.447903937742	0.426820771725	0.402120403538	0.444194771332	0.355671319268	0.416129271461	0.363904499372	0.343084867291	0.128604505867	0.222018832806	0.303177709067	0.47947806295	0.453112181084	0.377957969593	0.427843389781	0.420010889189	0.398299848476	0.294063827269	0.347090702328	0.32723524918	0.279815226366	0.342317501518	0.371514381685	0.31725010739	0.384205781353	0.374653944986	0.424545450568	0.337659256119	0.383880310126	0.335873647045	0.469550967659	0.300839756479	0.369127638755	0.396457184819	
14	0.414988747314	0.334601282556	0.449259466108	0.294745720478	0.199675067314	0.471008710579	0.284492751613	0.331424461233	0.380397160529	0.135477261076	0.475865559571	0.420057085451	0.400005254108	0.359613849199	0.0	0.422340403312	0.352969350777	0.390194484982	0.343863034268	0.176254085868	0.135477261076	0.176254085868	0.327432126596	0.442466130127	0.3237868452	0.380947871583	0.45359194028	0.422073545582	0.352338805114	0.391081751661	0.199675067314	0.135477261076	0.498780795681	0.310068578608	0.434662677982	0.480742225552	0.377568482418	0.405699729549	0.337650653095	0.422939834922	0.135477261076	0.176254085868	0.404608160928	0.382334402291	0.429134697616	0.417703507626	0.383810606163	0.393441866817	0.41902968008	0.476310697091	0.389039239563	0.358967893105	0.199675067314	0.466754996921	0.413572151108	0.40676909769	0.409731410616	0.383400668297	0.47510144534	0.424771570331	0.454662217074	0.299269973392	0.454866099017	0.416290401348	0.457226589525	0.382832329632	
15	0.517656072675	0.35085507336	0.431058954004	0.345427873001	0.334836875982	0.359712367864	0.377526492026	0.332193379608	0.334518157909	0.326006145281	0.461498375272	0.458234305406	0.38111822957	0.340742482123	0.423191204854	0.0	0.412553369883	0.48767349203	0.353889357913	0.334370111264	0.326006145281	0.334370111264	0.358792061854	0.45266558421	0.397903924485	0.486264966051	0.447436610653	0.476315416185	0.406699006371	0.426127200752	0.334836875982	0.326006145281	0.525719456979	0.34703648981	0.475762566182	0.50376017056	0.507205460522	0.496358083516	0.400489461888	0.520912461553	0.326006145281	0.334370111264	0.51382032403	0.373376900689	0.478133781951	0.444622732255	0.420982154533	0.510233632605	0.385023483733	0.457976165367	0.462316778653	0.422816343437	0.334836875982	0.490642006915	0.416137689756	0.496311123003	0.519789548519	0.506170240292	0.554438874131	0.55379071311	0.445650125373	0.493863706975	0.477097944028	0.511168291299	0.539512860309	0.54112110019	
16	0.439302065663	0.258430053394	0.357523439186	0.339312068922	0.183780200616	0.36198258009	0.28120752244	0.321704839104	0.354404370452	0.159949023982	0.475411882246	0.400943196408	0.411928038106	0.334867623891	0.350670924462	0.400801971163	0.0	0.388939378319	0.340551307721	0.176692374202	0.159949023982	0.176692374202	0.327207439111	0.487798842667	0.286394536299	0.440194052427	0.406405349917	0.426125587008	0.367364702769	0.443423657729	0.183780200616	0.159949023982	0.497813847331	0.306597590159	0.426202865328	0.460460115403	0.39235183024	0.416360070113	0.321729348008	0.391378126322	0.159949023982	0.176692374202	0.43982451504	0.369251366985	0.432266168144	0.380306388207	0.339768455982	0.400275466974	0.349017559932	0.430995172087	0.346914184462	0.392710368823	0.183780200616	0.396037915697	0.308146035232	0.412664620187	0.432426290407	0.365476323687	0.454665508482	0.447822761423	0.452247757427	0.412189442714	0.413670543436	0.399864766874	0.460126569988	0.426513619892	
17	0.510568861217	0.340284790623	0.363273752828	0.374992751337	0.368844942744	0.41341459898	0.3851242148	0.404764433441	0.32270004504	0.361280747375	0.498823609855	0.383619377639	0.40985954268	0.33434886607	0.390194484982	0.476180034365	0.399689665972	0.0	0.391988751976	0.368464386919	0.361280747375	0.368464386919	0.396863387485	0.560839210869	0.373387822218	0.511830368506	0.389737433542	0.48382742716	0.486196810671	0.549589300712	0.368844942744	0.361280747375	0.528612363605	0.370752953044	0.425051221262	0.428286411142	0.474549806698	0.459266742785	0.396265316095	0.414663593859	0.361280747375	0.368464386919	0.430903319248	0.379559998689	0.410547642855	0.413381264204	0.38074798079	0.451859628542	0.309174459177	0.37642679782	0.413272020573	0.391440266964	0.368844942744	0.40072829258	0.364163629387	0.46533264679	0.467834431029	0.434478106914	0.482934952702	0.45595740111	0.452900312338	0.508463360218	0.499903766584	0.407903769116	0.461837612096	0.48412030116	
18	0.281391777401	0.392386665461	0.308545212451	0.42809979393	0.368614009078	0.409985471207	0.329886102914	0.348678955244	0.389462177243	0.128677543104	0.359922059995	0.361057610866	0.291821490252	0.361370778918	0.320382038527	0.359654903674	0.321800254673	0.396281583397	0.0	0.368614009078	0.128677543104	0.368614009078	0.194365548026	0.303696818356	0.411171485257	0.304474767979	0.329780916633	0.35402153829	0.269313654387	0.253548020691	0.368614009078	0.128677543104	0.345616851784	0.350564575317	0.279111357256	0.414296512756	0.372965279615	0.324632132826	0.385766254437	0.34237430617	0.128677543104	0.368614009078	0.328196705325	0.400159588629	0.38162673872	0.276505620843	0.409799667823	0.461381125599	0.330640696359	0.358410688688	0.379852016023	0.346717907284	0.368614009078	0.340325281964	0.32211612558	0.320739984439	0.333045271951	0.388022843141	0.492000709892	0.375052796477	0.298937172422	0.323506482789	0.506090361841	0.358689524204	0.335083650229	0.417587996006	
19	0.169370207873	0.341898564197	0.176272690602	0.315749810502	0.3875	0.266171662016	0.346503173523	0.32428947317	0.234423027465	0.0	0.238140552081	0.301044746446	0.176878359316	0.222018832806	0.176254085868	0.334370111264	0.177955683336	0.368464386919	0.368614009078	0.0	0.0	0.0	0.331115558441	0.227275701453	0.315749810502	0.239120263261	0.232983313296	0.222302758052	0.249751261058	0.192340603253	0.3875	0.0	0.300870958497	0.351460744441	0.194520015829	0.283800196328	0.342079737238	0.178843286984	0.365464424969	0.269809427709	0.0	0.0	0.27171090167	0.258862958	0.280907853664	0.164298047013	0.242271443417	0.362186177333	0.235592479053	0.269297145535	0.328931737344	0.274467977623	0.3875	0.238054270222	0.178421168396	0.310050121879	0.207179479243	0.355386642082	0.452736987442	0.328986239405	0.171195088445	0.279029924555	0.472470240999	0.302291634419	0.280239624023	0.359563829443	
20	0.126295931083	0.129852242289	0.141602624833	0.129852242289	0.0	0.21125663084	0.102564102564	0.318230133474	0.174926914446	0.5	0.220387527375	0.291370412442	0.142747429515	0.128604505867	0.135477261076	0.326006145281	0.159949023982	0.361280747375	0.128677543104	0.0	0.5	0.0	0.126012791557	0.191487596597	0.129852242289	0.228854596394	0.186173685707	0.203694392402	0.243524952141	0.183086155931	0.0	0.5	0.281364291823	0.128677543104	0.160134806871	0.243291041701	0.33739360783	0.128141128872	0.359447987979	0.253829453885	0.5	0.0	0.260004139104	0.169756628081	0.244959003919	0.132996463944	0.130169264756	0.350079900968	0.205161108728	0.253461781378	0.324792852503	0.258709191284	0.0	0.215934844894	0.127674060041	0.303019070266	0.161919880944	0.350811246068	0.446111336896	0.323886934287	0.140839835543	0.272338665693	0.468777943836	0.289764970815	0.257324536186	0.350697425387	
21	0.169370207873	0.341898564197	0.176272690602	0.315749810502	0.3875	0.266171662016	0.346503173523	0.32428947317	0.234423027465	0.0	0.238140552081	0.301044746446	0.176878359316	0.222018832806	0.176254085868	0.334370111264	0.177955683336	0.368464386919	0.368614009078	0.0	0.0	0.0	0.331115558441	0.227275701453	0.315749810502	0.239120263261	0.232983313296	0.222302758052	0.249751261058	0.192340603253	0.3875	0.0	0.300870958497	0.351460744441	0.194520015829	0.283800196328	0.342079737238	0.178843286984	0.365464424969	0.269809427709	0.0	0.0	0.27171090167	0.258862958	0.280907853664	0.164298047013	0.242271443417	0.362186177333	0.235592479053	0.269297145535	0.328931737344	0.274467977623	0.3875	0.238054270222	0.178421168396	0.310050121879	0.207179479243	0.355386642082	0.452736987442	0.328986239405	0.171195088445	0.279029924555	0.472470240999	0.302291634419	0.280239624023	0.359563829443	
22	0.314158278964	0.382413530824	0.336740841363	0.438168335018	0.300487088182	0.383736740808	0.331944158982	0.352336241804	0.385420448138	0.126012791557	0.379593100437	0.376186553737	0.309410199157	0.423207150396	0.331570603749	0.361179187592	0.379293823187	0.398534004277	0.194365548026	0.331115558441	0.126012791557	0.331115558441	0.0	0.340927473571	0.420099228965	0.320717435745	0.345194517201	0.379704555454	0.271339368637	0.281312093397	0.300487088182	0.126012791557	0.343908238795	0.348203773036	0.30764179961	0.439676624629	0.370285575552	0.319395167197	0.382653687407	0.331319310121	0.126012791557	0.331115558441	0.347547140911	0.403777727311	0.385785401838	0.300083870868	0.391368665998	0.461278821792	0.362374188703	0.3739370707	0.376103237675	0.318653058978	0.300487088182	0.364914891373	0.347005174126	0.328010138267	0.346249937794	0.408423741917	0.505927006789	0.381908096272	0.306784833755	0.329518736011	0.511729062225	0.372177019147	0.336954786707	0.42669307837	
23	0.430988356369	0.307034396423	0.419928153078	0.30658962056	0.210095976959	0.36189721425	0.24648085249	0.525633952032	0.398631145376	0.191487596597	0.510802759022	0.54438774335	0.436612084221	0.342508962685	0.444590195351	0.491307882821	0.489029879999	0.570779512739	0.263062018971	0.206698552781	0.191487596597	0.206698552781	0.252312503133	0.0	0.353950343675	0.418917877548	0.447748174515	0.45429603914	0.429624793625	0.447633774879	0.210095976959	0.191487596597	0.470258656765	0.288328611409	0.431668638728	0.489844647199	0.450775681811	0.413636222386	0.502627334661	0.531956045137	0.191487596597	0.206698552781	0.546709523561	0.366716230886	0.479000650986	0.461524613305	0.397754853026	0.585480478496	0.411491816169	0.506211474026	0.485913758025	0.480772330006	0.210095976959	0.50298775355	0.413229060086	0.476604905486	0.489213674994	0.541278329081	0.605572620221	0.567901048459	0.442971369919	0.488620214861	0.558501237457	0.517015202506	0.503753955136	0.528695773828	
24	0.395744083521	0.429337879361	0.395984941321	0.339427892591	0.290286726791	0.475958246798	0.401395439645	0.322344218804	0.367750829493	0.129852242289	0.395874055691	0.351187305335	0.324648492286	0.40181743673	0.293411846864	0.399245247554	0.263445273329	0.363633217502	0.411171485257	0.248849569821	0.129852242289	0.248849569821	0.438828905316	0.343548333915	0.0	0.257257896182	0.457061484174	0.432529439082	0.243652623269	0.320192326445	0.290286726791	0.129852242289	0.439922774549	0.419256902679	0.367272334258	0.374886320966	0.32723997442	0.30047164063	0.340343911191	0.215224405919	0.129852242289	0.248849569821	0.220676397454	0.365670992102	0.257493577682	0.338122669572	0.281366396577	0.376059890929	0.367983307125	0.374314417884	0.344616925916	0.284058304284	0.290286726791	0.413188676143	0.431227028904	0.312029454043	0.252195075881	0.319453036677	0.413904666456	0.293888632944	0.37985763907	0.232261240618	0.448524952883	0.271777896569	0.226809676442	0.33832781184	
25	0.463838408003	0.289445454437	0.428192672588	0.28275261289	0.239592829498	0.440085471376	0.279605043338	0.456044909231	0.372095626754	0.228854596394	0.511370901583	0.491096773912	0.440271069759	0.332503422355	0.381183832821	0.501505689244	0.453494981344	0.509487335977	0.292257796094	0.239120263261	0.228854596394	0.239120263261	0.282239380449	0.413048733418	0.268425410868	0.0	0.424508119062	0.427391801975	0.393664259174	0.481340714307	0.239592829498	0.228854596394	0.461923559658	0.282527834249	0.385144593627	0.394575394766	0.446690625278	0.372355553137	0.437722440343	0.45744604994	0.228854596394	0.239120263261	0.488487319955	0.312563406837	0.375301345478	0.348645924477	0.32607117203	0.49030574683	0.403837451358	0.51614921518	0.4377665686	0.464599701918	0.239592829498	0.49590691764	0.407551213757	0.503137692554	0.418713488335	0.458539639242	0.490681387228	0.483953661431	0.405027129469	0.448029042074	0.491098307446	0.472196503112	0.431793725746	0.467276716369	
26	0.420111099672	0.281064415203	0.405591571374	0.441287357681	0.275290881337	0.500842941861	0.336168040409	0.397992808119	0.382100005986	0.186173685707	0.456863890076	0.409800606383	0.441506706922	0.463224037656	0.458544352268	0.438992723352	0.420867341338	0.397274830134	0.366266655178	0.232983313296	0.186173685707	0.232983313296	0.359111205689	0.439684208138	0.455445378947	0.419321311414	0.0	0.475196450492	0.353846824697	0.392142873732	0.275290881337	0.186173685707	0.486594710015	0.378657094971	0.405374879661	0.539505975458	0.410568183794	0.477472848569	0.425635370811	0.467131941778	0.186173685707	0.232983313296	0.449202813299	0.423933003286	0.497498890564	0.467130353544	0.429368893478	0.515391656663	0.352651003795	0.407727874869	0.411791171674	0.463630839814	0.275290881337	0.44512181136	0.381578349113	0.342604246539	0.465144973868	0.454924830006	0.52816266251	0.446329284347	0.429365349817	0.392948598783	0.541442754836	0.420960885708	0.463080759712	0.465734293823	
27	0.431303214817	0.415001042799	0.439961862916	0.445988181163	0.23190736683	0.479309645571	0.361546666198	0.451702032668	0.486529636335	0.203694392402	0.424541440871	0.449444222755	0.458850883295	0.434975966437	0.442364834873	0.476315416185	0.426125587008	0.454080304525	0.370204271351	0.292120228576	0.203694392402	0.292120228576	0.400156923327	0.451283969258	0.436225418882	0.413191563265	0.482519751367	0.0	0.425914763441	0.398198614984	0.23190736683	0.203694392402	0.507241963363	0.402624234024	0.454978067761	0.523158306518	0.42345210846	0.453032030994	0.421223722034	0.432920719385	0.203694392402	0.292120228576	0.454366590289	0.482383971638	0.511590015546	0.431933096398	0.46035821079	0.51476655227	0.464508708929	0.455007983049	0.398138157553	0.458763725727	0.23190736683	0.4761161537	0.449819099019	0.452560878183	0.44735794414	0.424634578855	0.532162538617	0.435820524902	0.459223570539	0.401535882272	0.5391101823	0.454206244296	0.459826183115	0.452551676556	
28	0.39646100099	0.270397128018	0.332316674783	0.258337526385	0.250036670785	0.383046070209	0.258094579729	0.359219085125	0.288259614757	0.243524952141	0.469928754527	0.458460419621	0.308978232401	0.296671899455	0.308623449659	0.401921869287	0.336758770761	0.486196282827	0.267181345619	0.249751261058	0.243524952141	0.249751261058	0.260777229764	0.443848216269	0.244774770045	0.386545188085	0.334260649528	0.372167653843	0.0	0.441599945338	0.250036670785	0.243524952141	0.384194046068	0.252843620332	0.325794951202	0.394227676912	0.442884778841	0.296154161136	0.479408717118	0.416322605548	0.243524952141	0.249751261058	0.464742232798	0.27456640238	0.330860373134	0.303835918768	0.259594480095	0.422980251035	0.327350875864	0.429337805703	0.432103555894	0.363889644594	0.250036670785	0.401583943444	0.328388232786	0.424025186803	0.393473670387	0.489842106453	0.554031528227	0.500795107069	0.337317721691	0.446918599316	0.479892258316	0.447053044554	0.397343336313	0.532655629504	
29	0.410739177447	0.262317359289	0.398036974321	0.236445395908	0.205794158705	0.393321973007	0.262970184285	0.509700321022	0.321025586774	0.183086155931	0.429689676706	0.483124236674	0.377834751786	0.311041028597	0.379657118134	0.4397367757	0.41662092597	0.545115909313	0.291670470712	0.194955324788	0.183086155931	0.194955324788	0.313795065827	0.442735868214	0.328520549399	0.448779465728	0.390328418056	0.383015944041	0.442583492574	0.0	0.205794158705	0.183086155931	0.456796306934	0.302969119764	0.443698423554	0.47598302802	0.527855151371	0.408509457275	0.498669145894	0.519615356403	0.183086155931	0.194955324788	0.507624001515	0.289909632332	0.44635644931	0.417940625852	0.362668513786	0.508611922179	0.35474916698	0.472494527827	0.518866601138	0.430059626254	0.205794158705	0.486672148299	0.339875112295	0.534661667372	0.458023465979	0.514016249727	0.596691391933	0.556110685526	0.39338314831	0.477554633325	0.538384565956	0.504149854909	0.471003450677	0.532573158889	
30	0.181315365137	0.315749810502	0.192399584028	0.290286726791	0.0	0.283525787056	0.346503173523	0.329116351521	0.32117361249	0.0	0.234306157345	0.310838820485	0.188114782917	0.279815226366	0.199675067314	0.336900020919	0.179953199516	0.379092622735	0.351460744441	0.3875	0.0	0.3875	0.300487088182	0.23842550337	0.290286726791	0.253115152043	0.295693981116	0.230293254629	0.251783991244	0.1998951517	0.0	0.0	0.300203037489	0.351460744441	0.202472889332	0.315465557103	0.346927243142	0.244385529566	0.364471051414	0.271942325545	0.0	0.3875	0.274185730945	0.334499161094	0.28442924268	0.182939564831	0.276573584577	0.364453530002	0.277867171244	0.270324593112	0.332333622405	0.27435628988	0.0	0.241391289806	0.188537777598	0.31734716058	0.21343140502	0.363018895422	0.459848121535	0.341602348741	0.201789591094	0.285211640271	0.477020389236	0.305605821499	0.279915936515	0.362877236305	
31	0.126295931083	0.129852242289	0.141602624833	0.129852242289	0.0	0.21125663084	0.102564102564	0.318230133474	0.174926914446	0.5	0.220387527375	0.291370412442	0.142747429515	0.128604505867	0.135477261076	0.326006145281	0.159949023982	0.361280747375	0.128677543104	0.0	0.5	0.0	0.126012791557	0.191487596597	0.129852242289	0.228854596394	0.186173685707	0.203694392402	0.243524952141	0.183086155931	0.0	0.5	0.281364291823	0.128677543104	0.160134806871	0.243291041701	0.33739360783	0.128141128872	0.359447987979	0.253829453885	0.5	0.0	0.260004139104	0.169756628081	0.244959003919	0.132996463944	0.130169264756	0.350079900968	0.205161108728	0.253461781378	0.324792852503	0.258709191284	0.0	0.215934844894	0.127674060041	0.303019070266	0.161919880944	0.350811246068	0.446111336896	0.323886934287	0.140839835543	0.272338665693	0.468777943836	0.289764970815	0.257324536186	0.350697425387	
32	0.481822656778	0.389507652384	0.451035370555	0.445126048293	0.300203037489	0.474994306223	0.322673873467	0.513713599357	0.503289510395	0.281364291823	0.509905236056	0.479978268117	0.516881554444	0.446236719981	0.509992411736	0.525862182332	0.491964014539	0.487355194812	0.368793189465	0.300870958497	0.281364291823	0.300870958497	0.357578381621	0.463098248128	0.439922774549	0.490446357499	0.506923770426	0.519799832416	0.413086617	0.438313203383	0.300203037489	0.281364291823	0.0	0.37460391669	0.459775235737	0.450762017431	0.456970181249	0.47473476728	0.444762709213	0.526637765465	0.281364291823	0.300870958497	0.530260365131	0.48307526778	0.534787302181	0.4934131287	0.483066176553	0.534963615402	0.491382691544	0.471689974226	0.422366089856	0.489357618781	0.300203037489	0.517742016411	0.47340323309	0.460459520364	0.519348829957	0.481718570931	0.579568349922	0.460246702248	0.441846791076	0.498846862011	0.534310752007	0.528844707385	0.477949668694	0.556602180476	
33	0.303556945579	0.24587501717	0.31200298545	0.361758090367	0.351460744441	0.425565712148	0.312035859454	0.323477985337	0.288013557275	0.128677543104	0.358495595357	0.333101141927	0.283570016431	0.412533133291	0.314216666039	0.352025222132	0.302989969723	0.374192464855	0.347830105065	0.351460744441	0.128677543104	0.351460744441	0.348203773036	0.301305602557	0.373513790999	0.294958916416	0.345918554638	0.397785269201	0.254577024793	0.269070610717	0.351460744441	0.128677543104	0.363314586774	0.0	0.218240035012	0.430237768349	0.349644640974	0.327845788001	0.368045695077	0.307100006508	0.128677543104	0.351460744441	0.308937515348	0.305948694055	0.317224505364	0.282584258929	0.346415440918	0.439362976935	0.277569916365	0.326705737466	0.358553011523	0.30847190277	0.351460744441	0.337746248593	0.326305923264	0.304041595697	0.321698082023	0.376925258928	0.474907059422	0.356623530705	0.332733970396	0.306398006808	0.494669621038	0.315618746383	0.335786349954	0.401691884785	
34	0.44013696778	0.25718462568	0.433715386834	0.401447835411	0.202472889332	0.503382931598	0.261630159483	0.385706076333	0.400004044777	0.160134806871	0.470893758372	0.413482563318	0.440401006146	0.439342279765	0.431389272515	0.483505278726	0.395851502997	0.398453655877	0.327166326013	0.188211265647	0.160134806871	0.188211265647	0.30764179961	0.444542038797	0.38786556527	0.368905170982	0.463060868788	0.484157873211	0.31661917648	0.404049936097	0.202472889332	0.160134806871	0.449990173727	0.218240035012	0.0	0.415646307376	0.353606397723	0.410767278097	0.347353760968	0.447246848183	0.160134806871	0.188211265647	0.402782451897	0.362168813073	0.426864180966	0.416623239174	0.396715202463	0.433238394531	0.378825079391	0.43457648456	0.348544937077	0.39503033907	0.202472889332	0.468907703008	0.38614588711	0.374335430799	0.445145364859	0.386364207906	0.502947261285	0.345229821042	0.464887659426	0.357022487239	0.469223445151	0.413703603192	0.44973960524	0.425215465909	
35	0.482612904675	0.454268647	0.507697809154	0.460725919335	0.315465557103	0.569549637854	0.322151061968	0.425271600294	0.534750521248	0.243291041701	0.51237571025	0.435114383326	0.504449332611	0.451889338182	0.449823917208	0.507815223497	0.442269819488	0.428507992458	0.444332956655	0.315465557103	0.243291041701	0.315465557103	0.417956254674	0.48863201413	0.417944522633	0.394575394766	0.538593112778	0.539102426775	0.375524195484	0.46787825489	0.315465557103	0.243291041701	0.470655567236	0.393392076391	0.415646307376	0.0	0.389804580948	0.439720027355	0.384736020495	0.420210774843	0.243291041701	0.315465557103	0.42276337575	0.493953423923	0.460889839077	0.451048477342	0.441123651563	0.437130285737	0.511567707098	0.4904946691	0.345297014236	0.453289750351	0.315465557103	0.530975211572	0.476383881026	0.412863649292	0.427126105183	0.386724457428	0.448856901331	0.379538673712	0.493518979101	0.362952702621	0.471558888903	0.448856699907	0.415877638928	0.43419353015	
36	0.440330873512	0.337694388452	0.355104729919	0.354714800666	0.346927243142	0.377788572686	0.353975592803	0.440462340584	0.337866598491	0.33739360783	0.443702472304	0.416191511158	0.371984999596	0.34724291635	0.373460099416	0.507787891967	0.396461363057	0.475748677702	0.364916659965	0.342079737238	0.33739360783	0.342079737238	0.360539464402	0.450902419036	0.314634395646	0.442998410304	0.392983975612	0.43809527006	0.443754963543	0.537091160466	0.346927243142	0.33739360783	0.45020609903	0.346484597184	0.341863275575	0.372244383877	0.0	0.315140365252	0.404848328222	0.341999405052	0.33739360783	0.342079737238	0.428554996087	0.342646506613	0.347297982719	0.354598899443	0.318205064186	0.499191641835	0.334584697741	0.405662650603	0.385928201064	0.434455052714	0.346927243142	0.405174715135	0.341155230115	0.402608772792	0.369595407445	0.463205930656	0.496572857996	0.42714316897	0.400912895429	0.521869441961	0.562551198429	0.409148279634	0.381654465554	0.486695290959	
37	0.440029657146	0.40234814767	0.470171576512	0.402694718454	0.244385529566	0.494716926022	0.273604347405	0.403705672793	0.439202529905	0.128141128872	0.45062252782	0.442889029581	0.458694917732	0.424734020873	0.407461469272	0.465255479948	0.408649089881	0.458048492634	0.358918950333	0.178843286984	0.128141128872	0.178843286984	0.315479788226	0.408087883093	0.308372643575	0.34988020146	0.479743983886	0.465379141689	0.31655871594	0.405552597614	0.244385529566	0.128141128872	0.445702840283	0.365416848667	0.429867502479	0.439720027355	0.326067370405	0.0	0.404995576073	0.402815162616	0.128141128872	0.178843286984	0.41022221306	0.410276361385	0.420310331857	0.400383940653	0.348760796355	0.435052489927	0.440719615705	0.473278577274	0.347594273355	0.426883465793	0.244385529566	0.494299252521	0.411095978584	0.362338780549	0.394477924898	0.392480690978	0.501727848662	0.394238679747	0.412626653586	0.355854564281	0.486472728909	0.426982190959	0.432358170564	0.445126129252	
38	0.474515104685	0.381413957538	0.391377639553	0.373808090989	0.364471051414	0.382091049495	0.367296431222	0.360933801517	0.352563983583	0.359447987979	0.484894204951	0.445907540646	0.383803874786	0.363904499372	0.336830581141	0.400416802578	0.321260016548	0.40978180576	0.383194540612	0.365464424969	0.359447987979	0.365464424969	0.382653687407	0.486746712018	0.337528773567	0.443351925838	0.425635370811	0.424286575128	0.48181515173	0.48513462983	0.364471051414	0.359447987979	0.468374931187	0.368045695077	0.348109403751	0.384736020495	0.488456210044	0.404282678133	0.0	0.348250505364	0.359447987979	0.365464424969	0.363624314264	0.360933721423	0.315188475595	0.347962736011	0.331202491256	0.331159700504	0.357531030712	0.381078519228	0.413397801716	0.328971319796	0.364471051414	0.381917286997	0.375971690981	0.512237467713	0.351916669135	0.392429906282	0.448591467969	0.336849561566	0.43206688621	0.363493411834	0.429133270038	0.349343442438	0.396178553654	0.417627753163	
39	0.495215844989	0.320204083831	0.432902142925	0.359883122972	0.270265918949	0.483233929781	0.287273470555	0.443579573469	0.331344418397	0.253829453885	0.510110656202	0.442050883973	0.429412837804	0.392149244372	0.428989439572	0.517609648246	0.398174732073	0.401137291758	0.340257901467	0.266672548672	0.253829453885	0.266672548672	0.326138329626	0.534063378224	0.242338033753	0.456953966115	0.457145444852	0.490023281527	0.454823498127	0.522583722247	0.270265918949	0.253829453885	0.543903753782	0.304352356201	0.450238132197	0.403961371891	0.34689494425	0.399621099525	0.348327366976	0.0	0.253829453885	0.266672548672	0.339386486281	0.394134800648	0.36645169576	0.420413448902	0.313846779632	0.43214507116	0.353169443196	0.483045635921	0.316326493785	0.470136170223	0.270265918949	0.465075764911	0.377041488833	0.400728601246	0.411376472248	0.28519790275	0.405719051791	0.349382989031	0.481202780125	0.436935676518	0.43139394942	0.318822841463	0.403904820968	0.388287806444	
40	0.126295931083	0.129852242289	0.141602624833	0.129852242289	0.0	0.21125663084	0.102564102564	0.318230133474	0.174926914446	0.5	0.220387527375	0.291370412442	0.142747429515	0.128604505867	0.135477261076	0.326006145281	0.159949023982	0.361280747375	0.128677543104	0.0	0.5	0.0	0.126012791557	0.191487596597	0.129852242289	0.228854596394	0.186173685707	0.203694392402	0.243524952141	0.183086155931	0.0	0.5	0.281364291823	0.128677543104	0.160134806871	0.243291041701	0.33739360783	0.128141128872	0.359447987979	0.253829453885	0.5	0.0	0.260004139104	0.169756628081	0.244959003919	0.132996463944	0.130169264756	0.350079900968	0.205161108728	0.253461781378	0.324792852503	0.258709191284	0.0	0.215934844894	0.127674060041	0.303019070266	0.161919880944	0.350811246068	0.446111336896	0.323886934287	0.140839835543	0.272338665693	0.468777943836	0.289764970815	0.257324536186	0.350697425387	
41	0.169370207873	0.341898564197	0.176272690602	0.315749810502	0.3875	0.266171662016	0.346503173523	0.32428947317	0.234423027465	0.0	0.238140552081	0.301044746446	0.176878359316	0.222018832806	0.176254085868	0.334370111264	0.177955683336	0.368464386919	0.368614009078	0.0	0.0	0.0	0.331115558441	0.227275701453	0.315749810502	0.239120263261	0.232983313296	0.222302758052	0.249751261058	0.192340603253	0.3875	0.0	0.300870958497	0.351460744441	0.194520015829	0.283800196328	0.342079737238	0.178843286984	0.365464424969	0.269809427709	0.0	0.0	0.27171090167	0.258862958	0.280907853664	0.164298047013	0.242271443417	0.362186177333	0.235592479053	0.269297145535	0.328931737344	0.274467977623	0.3875	0.238054270222	0.178421168396	0.310050121879	0.207179479243	0.355386642082	0.452736987442	0.328986239405	0.171195088445	0.279029924555	0.472470240999	0.302291634419	0.280239624023	0.359563829443	
42	0.504619298639	0.293728122543	0.344172189687	0.333183709585	0.271993461977	0.400167755366	0.283959500667	0.457219474632	0.314114488744	0.260004139104	0.452076200119	0.449274677674	0.389834107899	0.306132423138	0.406896977329	0.521556090097	0.440376560901	0.446314523478	0.306623655389	0.282754919211	0.260004139104	0.282754919211	0.300604149796	0.54268070001	0.234719094586	0.478998880054	0.407887165963	0.456814371751	0.512507472318	0.528630245198	0.271993461977	0.260004139104	0.528677848527	0.294341566815	0.450645293055	0.423688289927	0.428050909942	0.41208710816	0.362085227993	0.342822445285	0.260004139104	0.282754919211	0.0	0.327398841544	0.314762251518	0.368974212785	0.288995666465	0.456280360501	0.355356936246	0.455032082502	0.392371478305	0.441236371484	0.271993461977	0.439191619978	0.352383123633	0.477113623346	0.416959065533	0.316021726697	0.38615791171	0.342544106133	0.421066084403	0.417360194819	0.424937412917	0.356195264062	0.43951765091	0.410250404522	
43	0.419580290859	0.357445713747	0.381741173057	0.312565240817	0.334499161094	0.486716534706	0.334882313838	0.341611575496	0.349286581191	0.169756628081	0.371388567841	0.337568028331	0.299967280431	0.442756750908	0.372771333916	0.372199429069	0.307624441333	0.371324762543	0.398521892148	0.2395457076	0.169756628081	0.2395457076	0.392086852998	0.316409055992	0.361050033318	0.309746457658	0.438545870569	0.48125659103	0.273128715086	0.280601825365	0.334499161094	0.169756628081	0.467147232976	0.307562490438	0.343896635668	0.487487532374	0.350698978072	0.382576227344	0.363266695897	0.321487380746	0.169756628081	0.2395457076	0.316251088416	0.0	0.29671909727	0.368791761893	0.283174386161	0.450817934827	0.252983904193	0.347101323036	0.378215823124	0.327760946054	0.334499161094	0.402200627118	0.407917068678	0.29881951291	0.376002435564	0.371971135462	0.477812314589	0.356910241839	0.394926562136	0.322546761019	0.503556940918	0.31500624797	0.336030331512	0.400138482896	
44	0.497440544595	0.322509691713	0.441429465908	0.299708310762	0.28442924268	0.538831180216	0.304470492272	0.371439180056	0.406723052937	0.244959003919	0.49666046079	0.411256450259	0.424136364029	0.451852995982	0.414586272329	0.464857086437	0.411649370106	0.401862713189	0.396326662803	0.277821689761	0.244959003919	0.277821689761	0.373833850148	0.469089616481	0.320470512356	0.364295003017	0.490102430976	0.511847002782	0.324617016775	0.441448125599	0.28442924268	0.244959003919	0.535147378549	0.282780070184	0.418724923464	0.467811463252	0.361482248258	0.422025506072	0.318438962061	0.356031796316	0.244959003919	0.277821689761	0.308187519384	0.260890543878	0.0	0.38458886902	0.214758765626	0.387618275451	0.419708870417	0.488028288631	0.344430791569	0.411513448742	0.28442924268	0.510174623676	0.456719440047	0.378310044326	0.364748655858	0.341314022957	0.423327760643	0.325873630955	0.485433066583	0.273792615015	0.456810862699	0.345002333898	0.379585358746	0.383609460019	
45	0.462277766676	0.342927429485	0.366704334491	0.375028618156	0.182939564831	0.429959714725	0.280315113291	0.351502516107	0.401511826457	0.132996463944	0.449083794399	0.380251516749	0.40458775215	0.358011757476	0.411020799774	0.453111923467	0.376311636538	0.406687229242	0.358448656883	0.164298047013	0.132996463944	0.164298047013	0.344473669632	0.446182352448	0.354709896196	0.364990383494	0.442943501447	0.423777907721	0.333336963594	0.436425276626	0.182939564831	0.132996463944	0.488407701001	0.322310041497	0.432470319212	0.463713291317	0.350538349838	0.414503818031	0.346397064441	0.392189607853	0.132996463944	0.164298047013	0.368974212785	0.398113114056	0.390679063392	0.0	0.34657952699	0.452602492614	0.432398148432	0.453088787599	0.344060467692	0.409437115864	0.182939564831	0.40605123817	0.416568441454	0.386909538961	0.431955292991	0.360844482054	0.395733612602	0.388370619967	0.379772522274	0.400710644613	0.490084380751	0.374620676394	0.405890677401	0.419244950609	
46	0.441268606101	0.378144812827	0.394879483836	0.369664690785	0.276573584577	0.491365072083	0.300119697448	0.321820770997	0.363152167854	0.130169264756	0.427459277857	0.358696292661	0.366514581886	0.438297095063	0.365526784835	0.407014371361	0.308983723173	0.373321932876	0.419429396589	0.242271443417	0.130169264756	0.242271443417	0.404750645652	0.382450339124	0.26303301783	0.296863876022	0.411206275381	0.457148235377	0.260867154672	0.357616497961	0.276573584577	0.130169264756	0.46704043494	0.360225263928	0.381409299742	0.443657112722	0.328094843338	0.336770601579	0.331896335335	0.292308533566	0.130169264756	0.242271443417	0.28957555854	0.284266867118	0.219317211481	0.354450234119	0.0	0.39299839364	0.391350661032	0.41385497962	0.350586298816	0.341524713225	0.276573584577	0.410233124268	0.396317156028	0.315721761974	0.297375459677	0.333893170541	0.436667189845	0.308384478866	0.404990741855	0.259196508798	0.467069887608	0.270179536065	0.288745089255	0.385513236103	
47	0.548650382638	0.396969964215	0.523810056742	0.401863280496	0.364503161939	0.460191573949	0.377468818081	0.402267415726	0.422113286405	0.350079900968	0.564244142557	0.510837542452	0.492181820998	0.368112479127	0.393441866817	0.493228123073	0.399279226788	0.454315913645	0.41372421241	0.362186177333	0.350079900968	0.362186177333	0.401579014144	0.588595286627	0.355748604071	0.47622500407	0.51342188743	0.534509587712	0.427911544966	0.523111722848	0.364503161939	0.350079900968	0.540158036162	0.388051505554	0.451040331801	0.368696245148	0.503553191038	0.452732937184	0.331159700504	0.442183247525	0.350079900968	0.362186177333	0.455798176794	0.431773318863	0.405735605869	0.446606432276	0.369293598822	0.0	0.476468419824	0.514055143243	0.41153186513	0.436731837693	0.364503161939	0.54355787442	0.474109161091	0.523284470731	0.47371670486	0.347657805828	0.456029789724	0.41190257247	0.555435760412	0.411771169388	0.245737588771	0.433945418444	0.476556483975	0.416884918712	
48	0.425952130317	0.249418721272	0.326862449766	0.333931688342	0.277867171244	0.475672355661	0.340019961179	0.335845601642	0.261676047847	0.205161108728	0.352461605066	0.31924154646	0.408662522296	0.412143701793	0.398417903674	0.381965926029	0.327660570988	0.307407840815	0.380113130165	0.261013821088	0.205161108728	0.261013821088	0.373447909731	0.41506628378	0.371473365317	0.414009618387	0.393207682314	0.42056267385	0.368883674415	0.35404828349	0.277867171244	0.205161108728	0.460899475125	0.322236682376	0.365587520292	0.493839960897	0.328696871779	0.407075158546	0.359211025897	0.373688864338	0.205161108728	0.261013821088	0.35117108359	0.252983904193	0.419708870417	0.442238479182	0.393171415129	0.472895548768	0.0	0.297937752488	0.316199997162	0.372598580506	0.277867171244	0.332922159391	0.345718688411	0.282708112	0.423251226715	0.358911248359	0.465384694371	0.317418815345	0.43324736622	0.398812625693	0.483963872858	0.328093083753	0.441633023076	0.411223787572	
49	0.485355659618	0.260741069852	0.373774114443	0.359581107746	0.270324593112	0.419919822417	0.317148204323	0.398966403173	0.350805116549	0.253461781378	0.430759871653	0.370191315196	0.419465856862	0.297820924204	0.476310697091	0.472624589304	0.43719105611	0.310799073431	0.378814647218	0.269297145535	0.253461781378	0.269297145535	0.350015266302	0.51033733716	0.394651148662	0.512803146587	0.410239987797	0.464864537612	0.445273586976	0.49751180771	0.270324593112	0.253461781378	0.487774177061	0.303063701632	0.446777066531	0.447187154961	0.404413884343	0.475005584207	0.381078519228	0.481422717778	0.253461781378	0.269297145535	0.453080892121	0.36910274391	0.464235866929	0.453842344318	0.396518171872	0.514055143243	0.337269744558	0.0	0.348481991865	0.408681529817	0.270324593112	0.345599039459	0.352250273756	0.429992624576	0.467201369155	0.431483494409	0.498975506292	0.421713108414	0.465804628291	0.529469539729	0.524580884647	0.432240450688	0.500921584437	0.537086003904	
50	0.417106493916	0.331178804777	0.36254120788	0.334863491717	0.332333622405	0.281617258962	0.341104355243	0.36949270553	0.330952915766	0.324792852503	0.397528611637	0.371186522308	0.376240811017	0.32416183232	0.346299710589	0.46364464361	0.360036947495	0.413724530292	0.356150991279	0.331341550387	0.324792852503	0.331341550387	0.352116178277	0.49365141339	0.306624705595	0.468181662516	0.384557645443	0.367770385366	0.448839243755	0.52350673563	0.332333622405	0.324792852503	0.424000551775	0.338752043978	0.381481577352	0.356249752619	0.387038561544	0.330852586332	0.414831350765	0.320259387169	0.324792852503	0.331341550387	0.390987549802	0.346188593857	0.306611711738	0.329584723659	0.313080597325	0.412697221542	0.298878543885	0.372557018317	0.0	0.346651509811	0.332333622405	0.364254952631	0.340676042013	0.447977101331	0.353846186508	0.39114054382	0.42997566891	0.375955824304	0.423155467723	0.47609255136	0.468813501711	0.398971775687	0.378039936982	0.442680676222	
51	0.462461152516	0.274072261517	0.440319344954	0.366687433992	0.27435628988	0.421207156802	0.304744298304	0.351070012145	0.300524330767	0.258709191284	0.439289850968	0.388461415454	0.407667680937	0.367198841566	0.358967893105	0.433597546672	0.39785964138	0.409852491897	0.32898091995	0.274467977623	0.258709191284	0.274467977623	0.317526320247	0.478227159353	0.335339494798	0.462902576408	0.423823805991	0.458763725727	0.39235172602	0.44767340244	0.27435628988	0.258709191284	0.477879595513	0.261202324513	0.422782536279	0.446341586943	0.44082703323	0.447048484796	0.341541964893	0.464492637277	0.258709191284	0.274467977623	0.430873630009	0.346538067247	0.406912343921	0.39306545945	0.341017519434	0.436731837693	0.346286757749	0.408681529817	0.346915379463	0.0	0.27435628988	0.468933378566	0.391211284331	0.453449783538	0.462616242421	0.424148271484	0.510794032434	0.431016497417	0.479355692099	0.438136785429	0.476161173077	0.443936109183	0.447153816928	0.499628179219	
52	0.181315365137	0.315749810502	0.192399584028	0.290286726791	0.0	0.283525787056	0.346503173523	0.329116351521	0.32117361249	0.0	0.234306157345	0.310838820485	0.188114782917	0.279815226366	0.199675067314	0.336900020919	0.179953199516	0.379092622735	0.351460744441	0.3875	0.0	0.3875	0.300487088182	0.23842550337	0.290286726791	0.253115152043	0.295693981116	0.230293254629	0.251783991244	0.1998951517	0.0	0.0	0.300203037489	0.351460744441	0.202472889332	0.315465557103	0.346927243142	0.244385529566	0.364471051414	0.271942325545	0.0	0.3875	0.274185730945	0.334499161094	0.28442924268	0.182939564831	0.276573584577	0.364453530002	0.277867171244	0.270324593112	0.332333622405	0.27435628988	0.0	0.241391289806	0.188537777598	0.31734716058	0.21343140502	0.363018895422	0.459848121535	0.341602348741	0.201789591094	0.285211640271	0.477020389236	0.305605821499	0.279915936515	0.362877236305	
53	0.477933126963	0.315829351689	0.374236107252	0.389917587192	0.241391289806	0.447692497001	0.267512233097	0.421126734598	0.401165009981	0.215934844894	0.454408468132	0.408573813306	0.435656702249	0.400388572124	0.464509143472	0.479724409042	0.398563464839	0.376578302018	0.324619994464	0.238346265083	0.215934844894	0.238346265083	0.303034589127	0.512555939635	0.418519719068	0.512844438246	0.437677120475	0.470632296219	0.472821818005	0.498227202004	0.241391289806	0.215934844894	0.505956079216	0.319490688571	0.455983025071	0.52128799672	0.411142248294	0.478523435504	0.395404459324	0.462087935934	0.215934844894	0.238346265083	0.439406232375	0.417943279078	0.474196708975	0.428271082323	0.412101167332	0.543669308554	0.386550506164	0.348499751113	0.393951898543	0.486753893538	0.241391289806	0.0	0.36016313647	0.394868544953	0.432135803612	0.442613526849	0.505462573927	0.474846068203	0.472571759374	0.514692695354	0.566893896008	0.444765270063	0.487955526647	0.487984123911	
54	0.406681924994	0.340272842244	0.295211097568	0.427311945815	0.256545233539	0.433718209913	0.275529234823	0.338469674843	0.380700136992	0.127674060041	0.341384893098	0.329295285454	0.38705543087	0.390214649066	0.40423249889	0.377302450904	0.303743939236	0.345414474089	0.379595191302	0.256545233539	0.127674060041	0.256545233539	0.360437758207	0.397002615482	0.443253410381	0.401331308916	0.406784412477	0.430565198551	0.350800039382	0.339210016103	0.256545233539	0.127674060041	0.436734910844	0.353742764261	0.38991371182	0.456895112691	0.339586760504	0.390159284043	0.364421559304	0.351128279711	0.127674060041	0.256545233539	0.349961959965	0.407917068678	0.456719440047	0.425506685422	0.400008191863	0.462209908902	0.345512370506	0.318481065967	0.322762327068	0.370150672317	0.256545233539	0.339055959326	0.0	0.30467535508	0.437684449468	0.361562959459	0.473386422382	0.316877420834	0.400468918713	0.390251232622	0.483100113459	0.338378034775	0.437188817335	0.407778081754	
55	0.443280576847	0.290869958531	0.302108202115	0.309132436996	0.310693645732	0.379650196505	0.320955525974	0.473569760457	0.287664257488	0.303019070266	0.496485932379	0.441265660206	0.33673373494	0.317259134893	0.383454269158	0.517040700304	0.390840960841	0.465212177681	0.337046009395	0.310050121879	0.303019070266	0.310050121879	0.317774915077	0.451709695588	0.319970548693	0.511781629565	0.352476257588	0.420915741674	0.436701114148	0.531884775409	0.310693645732	0.303019070266	0.482950726363	0.306452090568	0.365142349302	0.387798465962	0.399167524282	0.343086977221	0.511985411619	0.329725300193	0.303019070266	0.310050121879	0.416906445331	0.301443567305	0.351676293912	0.352097030227	0.320950217761	0.496082895311	0.283872205054	0.440294823487	0.454939331425	0.45646632094	0.310693645732	0.384534089669	0.304686543278	0.0	0.387025917488	0.487744554346	0.509926201554	0.494942939068	0.338206646411	0.5423177416	0.551709329384	0.443607119592	0.402105528663	0.545064101762	
56	0.482969443172	0.35720574293	0.469033039667	0.342584283144	0.240167472241	0.492277992891	0.263702409405	0.43734036005	0.407542427325	0.161919880944	0.515585248683	0.480952482947	0.434479078317	0.427058579636	0.376735919787	0.509338628328	0.434128505606	0.467926076751	0.381796969653	0.195925234646	0.161919880944	0.195925234646	0.356591121987	0.481615098219	0.271637369943	0.405275884635	0.462643860866	0.495587815698	0.368892846171	0.449340937364	0.240167472241	0.161919880944	0.519080275791	0.333749467129	0.42977614208	0.437616407618	0.359094408702	0.396614134507	0.351385322243	0.412000206798	0.161919880944	0.195925234646	0.403863215723	0.392852407698	0.363409273873	0.423427542127	0.289797791122	0.458636576325	0.437965455336	0.472501123183	0.356663397624	0.4513347063	0.240167472241	0.46179813083	0.438368258871	0.411708871493	0.0	0.353991491797	0.488136604634	0.422053717791	0.482667938674	0.296554527567	0.462578834607	0.427626292167	0.407165718623	0.440114387783	
57	0.452227906477	0.365234441801	0.393389874403	0.358813722634	0.355948824995	0.394767583095	0.36877767036	0.468659893504	0.364733110514	0.350811246068	0.470886692332	0.447017263615	0.413052912498	0.358394669736	0.37213305348	0.517835508337	0.353464980003	0.452305371687	0.384387634188	0.355386642082	0.350811246068	0.355386642082	0.3792329146	0.544681793953	0.321636111837	0.463884743634	0.424197002433	0.396077175903	0.510579589098	0.532972443783	0.355948824995	0.350811246068	0.469665293048	0.373696945222	0.383855330411	0.380550604622	0.471427833181	0.388265493214	0.398519461591	0.287431756425	0.350811246068	0.355386642082	0.296135412828	0.386348456025	0.322619166793	0.362224735182	0.334169900366	0.360885625838	0.34425393289	0.419597078244	0.39682392027	0.424702278479	0.355948824995	0.414935322372	0.3603303078	0.489632951475	0.400691740129	0.0	0.323359288968	0.363070934704	0.444977569758	0.45183711808	0.381377541577	0.365632414326	0.361149618981	0.373902194476	
58	0.586838054255	0.460283830199	0.470895540384	0.461166878133	0.459848121535	0.484335969622	0.466319306974	0.474864155836	0.449706879493	0.446111336896	0.527702205107	0.459786224429	0.518714991889	0.426939752889	0.47529846525	0.575080672765	0.458312723412	0.501153399255	0.493157640391	0.452736987442	0.446111336896	0.452736987442	0.486023466242	0.574896187714	0.416597701844	0.491006186102	0.532938638253	0.531380471378	0.566308889654	0.581607655484	0.459848121535	0.446111336896	0.539552711883	0.474907059422	0.500493794388	0.448856901331	0.496929195843	0.501727848662	0.441280674654	0.405683931961	0.446111336896	0.452736987442	0.383388493578	0.480952288759	0.426377052426	0.396782337231	0.436667189845	0.434165153752	0.469201816519	0.467001254911	0.429927699973	0.488138657424	0.459848121535	0.508669760037	0.475544779762	0.511363976494	0.493328547283	0.322878889034	0.0	0.439694956032	0.490145427275	0.534148855282	0.416299725102	0.430924325026	0.408035760434	0.464513896097	
59	0.505255219143	0.34755005189	0.443642534974	0.336873939972	0.341602348741	0.458164838533	0.351662303654	0.447581099428	0.330499533108	0.323886934287	0.545678630608	0.448641371865	0.388374781928	0.356891875657	0.430009104707	0.566191473366	0.464295473195	0.442524656948	0.370323506936	0.336342518171	0.323886934287	0.336342518171	0.379558661033	0.547024934092	0.293888632944	0.494756457394	0.442756024879	0.510820372977	0.502745033705	0.557702871005	0.341602348741	0.323886934287	0.477200128923	0.352968504236	0.389902083408	0.381865453386	0.421388047881	0.369388473364	0.336122262368	0.365264525673	0.323886934287	0.336342518171	0.357116032181	0.356910241839	0.325873630955	0.442951601377	0.326777354397	0.433556857692	0.310073310557	0.419155054735	0.348963778219	0.437384131373	0.341602348741	0.467112222106	0.360438965632	0.47751417163	0.4339398086	0.347350969863	0.413521903213	0.0	0.489589703276	0.461274604361	0.384035427531	0.395004353029	0.441139827393	0.426190222511	
60	0.469329051659	0.349113050672	0.341241041965	0.385097515919	0.209114384288	0.451742386635	0.273848136736	0.403612131597	0.391896990442	0.140839835543	0.469370578418	0.435362799241	0.395459403433	0.391402269323	0.447766543567	0.457581635394	0.45773838986	0.427700219773	0.317016030927	0.168113392098	0.140839835543	0.168113392098	0.296347462132	0.435694882428	0.374334728655	0.413111028792	0.44002399052	0.477321892221	0.362426373609	0.369563136802	0.209114384288	0.140839835543	0.440985018684	0.344623899792	0.452898968645	0.505866114569	0.401359915532	0.414677722399	0.422999349226	0.446319811275	0.140839835543	0.168113392098	0.444592242814	0.38946819824	0.492629101333	0.374861491628	0.411868757723	0.536310645221	0.417860558601	0.446211876511	0.420838537463	0.47979638914	0.209114384288	0.472457908603	0.401297832803	0.368977009586	0.467115299546	0.432653001298	0.517628851432	0.440802242119	0.0	0.427525169517	0.512803618741	0.453893941107	0.403982242375	0.513029376042	
61	0.437936772517	0.309481955298	0.410183397854	0.298924268004	0.285211640271	0.426092079259	0.303454663584	0.469990553478	0.347263348767	0.272338665693	0.519027644854	0.53054356385	0.395473082853	0.336699046849	0.291861556546	0.51109318263	0.38476015086	0.514801377582	0.314991286563	0.281075014547	0.272338665693	0.281075014547	0.309998896599	0.461004040947	0.229359698724	0.453138316979	0.404291416156	0.410988680583	0.454812270364	0.473811602711	0.285211640271	0.272338665693	0.484188317257	0.303430487214	0.390082371907	0.337181778389	0.52654627811	0.347980991293	0.385168718216	0.398790419705	0.272338665693	0.281075014547	0.424617814404	0.324684480429	0.277207620523	0.362470222173	0.272690053721	0.419959406811	0.385983646156	0.492371880118	0.475650098907	0.378719158677	0.285211640271	0.424102156886	0.394600116192	0.544092876589	0.307794985463	0.45070266581	0.533204453877	0.451760962533	0.409809866415	0.0	0.446250603473	0.428515453615	0.388155778696	0.4419313839	
62	0.563860843785	0.481122967405	0.503973348141	0.478276054409	0.472375684482	0.501655122508	0.497834978573	0.441795139598	0.475291477915	0.468777943836	0.573001883379	0.51607116196	0.514562431813	0.449514362589	0.44425404452	0.463237248271	0.39737640356	0.49114541537	0.510912914237	0.473876855633	0.468777943836	0.473876855633	0.506442858969	0.560016704451	0.440375523977	0.471855456741	0.534476271855	0.526026911289	0.459363548501	0.531929014627	0.472375684482	0.468777943836	0.543234438644	0.505431939825	0.483522972866	0.47896330398	0.551496190574	0.492966152406	0.414554607681	0.429125614681	0.468777943836	0.473876855633	0.421434399015	0.490400174735	0.435013604166	0.478411250559	0.450664695613	0.240247118129	0.473709837104	0.525013123144	0.470804873177	0.477303882745	0.472375684482	0.528418259172	0.477748146631	0.547380376147	0.497843589851	0.364994963339	0.409535438794	0.386361717531	0.527006598766	0.44936034727	0.0	0.417119342812	0.476221091216	0.407154906042	
63	0.514566676367	0.287608312146	0.354675057253	0.332007840221	0.307667172093	0.504081956974	0.339584794538	0.454350639904	0.250353793617	0.289764970815	0.480536001684	0.47174733372	0.399830880097	0.325802498195	0.428187316268	0.508846116943	0.41035613806	0.394262201647	0.417701621368	0.302291634419	0.289764970815	0.302291634419	0.411224635976	0.516161022249	0.266186705779	0.448043894299	0.420960885708	0.483148255023	0.480732466325	0.514100056814	0.307667172093	0.289764970815	0.527409585248	0.306079174774	0.410313177354	0.448250684236	0.410265503669	0.44320355429	0.344490161651	0.317932307645	0.289764970815	0.302291634419	0.354039969634	0.306786839515	0.345353472698	0.379084095082	0.239189280149	0.453837620964	0.331146539915	0.432240450688	0.376529795525	0.448132830643	0.307667172093	0.439879425164	0.364887395607	0.457111942493	0.427626292167	0.347869735796	0.416380421938	0.379342336865	0.4560894089	0.447697191673	0.453064542964	0.0	0.394128107032	0.416629874239	
64	0.498523381848	0.385069822066	0.446160225118	0.37900034455	0.279915936515	0.469187567379	0.298382730703	0.487413045822	0.403943923854	0.257324536186	0.516410794294	0.469463035259	0.449794066394	0.34943934669	0.444526708672	0.542193824759	0.462899647283	0.453906697115	0.376669223577	0.280239624023	0.257324536186	0.280239624023	0.361862540071	0.495359307448	0.248580547434	0.429472340379	0.489757021996	0.471822071392	0.42970606382	0.485945578908	0.279915936515	0.257324536186	0.473914376127	0.366493611269	0.463845869214	0.386085353566	0.41503228981	0.425737683013	0.412839367326	0.401025349691	0.257324536186	0.280239624023	0.438978169192	0.429002553672	0.439822503757	0.406740826769	0.330772695465	0.479246807179	0.443477990195	0.504738208282	0.393202969133	0.449354764004	0.279915936515	0.514735503695	0.457472546162	0.450073357383	0.40701916759	0.365833736454	0.448754084746	0.4189512172	0.403843046966	0.389465493219	0.479211911033	0.396908877949	0.0	0.437984096156	
65	0.525084469373	0.393118907316	0.444794268626	0.380057443752	0.362877236305	0.508301159336	0.368089084886	0.529849505337	0.404129009648	0.350697425387	0.525159894888	0.500141617949	0.448013394447	0.392211673938	0.383024673222	0.540999787558	0.438876861888	0.497146730261	0.397172478041	0.359563829443	0.350697425387	0.359563829443	0.390769724379	0.54325987799	0.339399606628	0.453042190704	0.463553978721	0.467279195981	0.530758269288	0.554218502557	0.362877236305	0.350697425387	0.525215121901	0.383798370229	0.436909754226	0.422597133509	0.485681992155	0.42406615828	0.415111385938	0.394096007406	0.350697425387	0.359563829443	0.408570064635	0.398201511115	0.37667198272	0.431576449791	0.360203126419	0.404638450615	0.410586152749	0.532604174895	0.43759560637	0.475271243534	0.362877236305	0.476307912493	0.407552340465	0.552173419664	0.443418454481	0.3726068218	0.463797586712	0.433380652443	0.480950840002	0.450504707073	0.405836946814	0.373562395204	0.44498466496	0.0	
